{
  "project_info": {
    "project_number": "443937473028",
    "firebase_url": "https://gym-management-35ca3-default-rtdb.firebaseio.com",
    "project_id": "gym-management-35ca3",
    "storage_bucket": "gym-management-35ca3.appspot.com"
  },
  "client": [
    {
      "client_info": {
        "mobilesdk_app_id": "1:443937473028:android:721384c54057033e7eeb51",
        "android_client_info": {
          "package_name": "com.practice.gt"
        }
      },
      "oauth_client": [
        {
          "client_id": "443937473028-avtpq7fbec640clnu2jramtgfr3pf8lp.apps.googleusercontent.com",
          "client_type": 3
        }
      ],
      "api_key": [
        {
          "current_key": "AIzaSyD6Lf_WcANkBPodFbXouQOH-wr5ucLnsX4"
        }
      ],
      "services": {
        "appinvite_service": {
          "other_platform_oauth_client": [
            {
              "client_id": "443937473028-avtpq7fbec640clnu2jramtgfr3pf8lp.apps.googleusercontent.com",
              "client_type": 3
            }
          ]
        }
      }
    }
  ],
  "configuration_version": "1"
}